feature,importance
max_overdue_days,0.34363402735764914
total_credit_limit,0.21096157608599575
avg_overdue_days,0.17902680454838407
recent_3m_overdue_cnt,0.15852317825964604
max_open_months,0.0741218484393159
age,0.03373256530900917
recent_3m_amount,0.0
credit_usage_rate,0.0
